hour_of_day,canopy_density_pct,elevation_m,ambient_temp_c,near_water,species_id
6.4,72.5,361.7,18.8,0,3
12.2,73.6,640.2,13.9,1,1
7.8,56.2,207.2,13.7,0,1
18.1,27.9,230.7,20.8,1,4
7.0,21.7,999.1,11.2,1,4
10.7,16.5,427.6,21.2,0,2
15.1,28.3,786.0,12.1,1,4
14.7,86.3,835.7,10.6,0,1
11.0,34.3,879.3,13.1,1,2
10.0,43.3,998.0,19.2,0,1
10.7,23.4,355.3,6.5,0,2
8.9,32.8,184.3,7.9,0,5
8.2,56.5,499.5,23.0,1,1
11.8,63.6,260.6,7.5,1,1
9.0,34.6,169.1,15.4,0,1
9.2,19.6,456.4,15.6,1,1
14.0,46.3,816.2,13.8,1,4
18.1,33.7,631.3,16.9,1,4
13.3,32.6,415.9,8.6,1,2
6.5,91.8,706.2,15.1,1,0
6.5,64.3,347.2,11.4,1,5
17.9,59.6,162.2,17.2,1,4
9.4,48.3,799.7,6.8,0,5
6.7,49.3,680.2,15.4,0,0
13.3,58.3,798.0,7.7,0,1
13.6,70.7,183.1,9.6,1,4
13.9,71.2,861.6,8.4,1,1
9.0,28.7,676.6,7.7,0,0
5.7,55.0,628.9,20.5,1,0
18.0,48.0,680.9,9.7,1,4
8.8,84.6,884.8,22.5,0,0
14.3,65.5,648.9,23.4,1,4
14.7,57.6,643.8,15.4,0,1
13.4,24.2,992.1,6.9,0,2
9.6,63.5,793.2,11.5,1,4
9.0,24.4,525.9,20.0,1,1
13.3,42.0,751.3,11.3,0,1
16.8,26.4,480.8,5.7,1,1
17.8,70.4,344.5,15.1,1,4
6.9,31.5,657.3,20.9,0,0
7.5,46.3,939.0,19.9,0,0
17.8,86.7,939.8,7.5,1,0
15.1,31.3,440.6,17.5,0,1
17.0,55.6,598.5,8.4,1,1
8.1,48.5,329.9,8.4,1,4
13.1,16.4,996.3,21.5,1,2
14.6,78.4,984.0,9.0,0,1
14.3,20.5,702.1,9.3,1,4
10.8,52.9,833.8,4.0,0,1
5.7,59.9,757.8,21.4,0,0
13.1,65.3,654.2,19.9,0,1
8.8,70.1,195.3,16.5,0,3
11.4,35.3,536.5,19.0,1,1
17.9,15.8,723.6,7.0,1,0
10.7,72.9,725.9,13.2,0,3
16.4,57.9,467.2,11.0,1,4
8.0,81.9,950.4,5.9,0,0
14.2,80.7,292.3,13.7,1,1
18.2,82.5,575.3,22.4,0,1
6.8,53.8,737.3,4.8,1,4
5.6,41.7,742.6,9.8,1,4
11.1,78.3,701.3,8.2,1,1
6.7,51.1,384.0,8.8,0,5
15.2,29.7,282.8,22.2,0,1
17.4,83.4,690.5,13.4,1,4
11.1,85.6,659.4,13.3,0,1
8.9,52.3,302.5,19.2,0,1
11.1,21.1,749.4,7.1,0,2
14.9,46.0,536.9,13.7,1,1
5.6,79.3,717.6,12.6,1,4
13.2,87.1,861.8,15.9,1,1
13.5,31.3,294.3,24.0,0,2
13.8,20.4,166.3,19.4,0,2
8.6,85.2,812.2,12.0,1,4
14.8,46.2,668.2,20.6,1,1
6.7,58.3,744.7,7.4,0,0
8.1,92.4,862.4,4.6,1,4
16.9,20.3,832.4,8.1,0,0
15.1,66.9,966.8,10.8,1,4
5.7,20.9,605.5,14.2,0,0
8.7,45.0,565.2,16.3,1,4
8.3,79.3,491.6,22.2,1,3
9.0,49.7,280.6,14.2,1,1
8.7,94.8,636.7,14.0,0,0
6.3,59.7,385.5,5.0,1,4
11.5,40.7,933.1,4.7,0,1
15.0,32.6,645.7,15.0,0,1
13.4,43.0,653.9,12.8,1,4
14.2,44.8,451.7,20.8,1,1
6.6,20.5,194.2,7.2,1,4
17.9,44.6,177.0,4.5,1,1
16.4,52.1,509.8,13.0,0,1
16.0,72.8,221.9,8.7,0,1
16.2,67.5,665.8,5.0,0,0
17.6,71.7,898.8,18.5,1,4
12.6,15.7,900.5,6.2,1,2
8.1,32.4,710.2,16.2,1,0
13.5,67.9,329.5,9.6,0,1
15.2,53.7,883.5,7.5,0,1
15.1,15.4,903.2,11.6,1,4
12.3,79.4,317.2,20.0,0,1
6.4,76.8,776.8,11.8,1,0
10.3,58.9,393.5,19.0,1,4
17.5,20.3,832.2,6.5,1,4
13.1,76.3,997.7,19.5,0,1
12.5,61.7,175.5,8.7,0,1
9.0,77.6,912.8,17.5,0,0
10.3,75.1,679.2,15.3,0,3
17.1,79.2,977.4,22.6,0,0
14.2,56.4,545.3,11.7,1,1
15.7,26.2,870.3,5.3,1,1
11.4,68.7,203.0,4.4,0,1
13.7,64.6,435.0,20.5,0,1
8.7,74.4,207.0,14.5,0,3
14.7,28.6,979.0,19.5,0,2
11.1,30.6,844.4,8.7,1,4
11.3,86.2,874.7,10.9,0,1
13.9,75.0,947.3,4.6,0,1
17.7,87.7,222.3,23.2,0,1
6.3,75.7,477.8,17.4,1,3
16.2,62.8,210.4,22.7,1,4
9.3,67.3,329.2,9.3,0,5
11.3,86.1,345.0,16.2,1,4
5.8,61.3,548.7,17.6,1,4
9.4,65.6,378.3,10.4,1,5
12.0,27.5,235.8,21.0,0,2
6.2,52.9,292.4,22.9,1,1
11.9,72.3,275.2,21.7,1,1
17.6,36.7,977.1,18.8,1,0
6.9,31.2,795.4,9.5,1,4
15.4,40.1,972.6,9.6,1,4
10.8,34.3,523.8,23.3,0,2
14.0,32.2,386.6,4.2,1,2
8.9,49.0,828.5,18.3,1,0
7.6,87.6,427.3,18.1,1,3
7.6,55.6,404.5,16.5,0,1
6.4,30.0,347.6,23.8,1,4
7.9,21.2,260.2,10.2,1,5
14.1,70.7,368.0,10.8,0,1
17.0,45.6,452.0,5.6,1,4
16.1,80.7,722.9,12.9,1,0
14.4,67.8,203.2,9.2,1,4
6.9,78.7,328.9,10.9,0,3
9.3,36.8,837.7,20.7,0,1
9.5,70.4,274.9,22.7,1,4
8.7,36.1,441.2,7.7,0,5
12.2,90.1,885.0,11.5,1,1
12.5,65.9,281.7,22.6,1,1
10.1,41.0,220.3,5.2,1,4
10.1,36.6,561.9,5.8,0,1
16.3,30.3,407.1,7.3,1,1
15.8,70.6,628.9,15.9,0,1
9.5,32.5,833.2,7.0,0,5
17.4,62.6,266.6,23.4,0,1
17.9,36.2,643.6,12.9,0,0
9.7,68.0,579.7,14.0,1,4
10.1,80.2,272.5,8.9,1,4
12.1,77.2,680.4,13.4,0,1
17.7,75.9,382.6,17.2,1,4
16.9,30.0,564.7,19.0,0,1
6.8,22.1,219.9,19.1,1,4
10.6,70.9,540.6,15.6,1,3
12.7,44.5,410.5,22.1,1,1
12.0,49.6,849.0,20.3,0,1
8.0,17.5,198.4,19.1,1,4
16.7,35.8,505.8,5.1,0,1
14.3,17.7,539.7,4.1,1,2
16.4,85.3,766.3,8.2,0,0
16.7,34.5,638.1,17.3,1,4
15.2,59.6,717.1,12.2,1,1
11.2,18.1,810.5,12.0,1,2
13.4,68.3,882.9,21.7,0,1
7.6,40.8,416.8,21.9,1,4
14.3,86.8,607.3,22.2,0,1
7.8,86.0,864.1,10.3,1,0
14.5,41.0,991.0,17.8,0,1
8.5,87.1,906.1,9.4,0,0
7.0,94.7,465.7,7.8,1,4
7.6,81.0,315.9,7.7,0,3
5.5,82.6,566.0,10.8,0,3
