elevation_m,latitude,sugar_maple_pct,red_oak_pct,aspen_birch_pct,chilling_hours,day_of_year,foliage_stage,vibrancy_index
174.4,43.88,18.9,28.6,8.4,246.5,278,2,74.9
474.2,44.7,37.3,10.2,13.5,317.5,274,3,100.0
511.2,41.6,59.2,43.7,5.4,393.0,289,3,100.0
528.9,44.88,56.9,37.5,21.4,444.5,286,3,100.0
701.2,45.15,12.2,8.0,15.5,374.6,277,3,100.0
656.9,43.19,18.2,36.9,25.9,259.8,271,2,65.7
727.5,43.73,16.6,29.5,15.4,450.0,302,3,100.0
876.6,44.44,46.3,8.7,15.5,390.5,280,3,100.0
922.3,41.79,50.9,25.6,31.0,431.0,290,3,100.0
832.2,43.26,20.7,26.8,6.7,271.3,268,1,60.0
1057.7,42.79,35.3,12.5,36.6,412.3,281,3,100.0
167.3,41.66,52.0,47.6,34.8,146.8,263,0,24.1
336.0,42.65,46.6,43.2,28.4,318.9,282,3,100.0
157.2,41.31,37.1,35.1,25.8,406.2,301,3,100.0
765.1,41.12,39.5,25.8,36.2,284.5,277,3,100.0
1003.1,41.61,35.4,23.5,11.5,181.8,264,0,27.2
381.3,45.33,24.9,34.3,7.8,213.7,263,0,32.1
1030.7,43.47,38.3,29.5,13.4,370.8,278,3,100.0
207.3,45.35,44.4,7.8,32.8,239.6,268,2,68.1
1037.7,42.95,53.7,28.1,6.2,242.9,263,1,53.7
484.0,42.4,41.8,41.3,25.4,397.4,292,3,100.0
246.3,43.28,48.1,25.7,39.8,318.7,280,3,100.0
611.6,42.98,18.0,7.3,34.9,280.7,274,3,88.2
393.9,41.48,33.1,40.4,23.3,424.5,298,3,100.0
420.6,43.88,10.5,14.1,7.2,216.6,267,0,26.8
441.9,41.97,22.3,16.6,34.1,450.0,300,3,100.0
912.9,43.79,46.3,12.4,26.0,357.9,275,3,100.0
662.2,43.93,59.6,19.9,9.0,450.0,298,3,100.0
445.7,41.68,15.0,39.1,8.3,325.2,286,3,92.3
729.8,41.28,30.1,28.4,36.8,430.5,295,3,100.0
830.3,44.51,50.0,14.2,28.4,450.0,301,3,100.0
409.0,43.07,20.2,44.5,34.0,246.1,274,2,73.3
542.9,41.26,37.8,44.6,35.8,450.0,300,3,100.0
265.8,45.48,46.7,44.2,25.0,348.9,278,3,100.0
322.1,41.26,40.8,15.7,23.1,239.7,277,2,82.3
797.1,44.13,19.4,25.3,20.1,352.0,276,3,100.0
322.4,45.43,27.8,49.3,16.1,405.7,284,3,100.0
648.9,42.08,49.2,39.7,20.2,214.6,268,1,60.1
823.6,41.64,37.7,6.2,32.1,368.5,284,3,100.0
251.5,41.55,10.3,7.9,26.1,286.0,284,2,85.9
688.9,42.36,48.0,25.9,36.2,439.3,292,3,100.0
393.7,41.45,11.8,45.9,20.5,392.8,295,3,100.0
1064.8,44.11,47.3,29.2,26.2,378.3,280,3,100.0
609.4,41.28,20.1,27.4,27.1,240.4,274,1,60.4
915.7,43.29,57.9,9.7,25.7,336.2,272,3,100.0
672.7,45.49,28.4,34.6,29.6,332.4,270,3,97.2
191.2,44.66,26.3,42.0,13.3,208.1,264,0,34.9
751.5,43.77,17.4,22.1,22.9,353.9,276,3,100.0
1053.8,42.38,25.3,39.9,8.6,313.6,273,2,83.0
721.5,43.81,53.8,48.4,18.5,450.0,301,3,100.0
928.2,43.37,59.8,14.2,22.1,410.5,284,3,100.0
990.0,42.92,28.4,28.5,27.8,339.6,276,3,100.0
366.7,41.59,32.4,17.9,38.3,324.8,285,3,100.0
351.4,44.99,46.1,40.7,26.0,266.8,268,2,68.8
730.4,43.02,54.3,31.0,31.0,346.6,280,3,100.0
540.5,41.88,39.7,33.6,22.7,352.4,287,3,100.0
947.9,42.65,29.6,40.9,27.2,380.9,282,3,100.0
1005.0,42.86,30.6,22.8,7.5,372.3,278,3,100.0
485.8,44.72,44.8,46.2,13.9,450.0,302,3,100.0
375.0,44.3,10.2,29.0,17.7,450.0,297,3,100.0
891.5,44.46,41.0,12.1,21.5,450.0,287,3,100.0
411.1,41.05,27.8,36.3,6.6,285.3,285,3,100.0
931.5,42.87,49.7,40.7,9.9,421.5,287,3,100.0
552.6,43.17,14.6,19.3,14.7,246.2,270,1,60.0
784.2,41.09,39.4,43.6,39.0,283.3,278,3,96.7
240.8,42.17,34.0,45.8,16.6,152.8,264,0,18.0
742.7,44.42,42.1,17.5,21.9,400.7,281,3,100.0
579.2,41.62,13.2,49.3,11.9,333.6,284,3,100.0
707.3,43.41,39.0,11.3,26.4,291.4,271,2,81.4
309.6,41.97,38.1,14.1,14.8,431.6,301,3,100.0
850.0,41.05,38.0,13.3,12.2,450.0,298,3,100.0
969.7,42.09,40.2,45.2,23.1,447.4,291,3,100.0
355.9,45.39,43.8,34.4,5.2,403.4,283,3,100.0
240.9,44.61,50.2,11.8,5.3,450.0,297,3,100.0
172.5,45.32,23.5,24.8,12.7,209.3,267,1,46.2
759.9,43.2,51.3,32.7,6.3,450.0,294,3,100.0
726.7,41.49,34.9,8.8,8.8,207.1,267,1,35.1
669.4,43.47,13.9,44.7,16.9,450.0,294,3,100.0
370.3,43.04,12.9,41.2,33.1,235.8,273,2,68.5
521.4,44.8,26.7,27.7,25.0,450.0,297,3,100.0
714.8,41.44,49.2,48.5,22.9,450.0,300,3,100.0
621.9,43.2,45.4,23.8,15.3,264.3,268,2,73.9
1088.4,41.68,49.4,49.3,37.6,350.8,281,3,100.0
279.6,42.46,35.9,35.1,18.9,450.0,301,3,100.0
810.4,44.32,32.0,33.6,8.0,399.1,281,3,100.0
534.1,43.14,17.4,12.5,26.6,450.0,297,3,100.0
556.8,42.69,26.4,44.7,9.0,360.6,286,3,100.0
831.7,42.78,31.7,24.2,17.1,328.9,277,3,100.0
807.8,43.07,14.4,12.3,22.8,305.9,273,2,86.8
1091.7,44.53,21.0,5.6,35.6,332.9,270,2,84.8
272.0,45.01,39.9,30.2,22.3,450.0,292,3,100.0
248.9,45.3,46.8,28.7,29.6,320.6,277,3,100.0
838.1,44.54,59.9,37.4,39.7,419.0,282,3,100.0
699.5,42.42,56.7,45.1,9.6,331.4,282,3,100.0
410.5,44.1,42.1,8.6,14.6,344.0,285,3,100.0
225.4,42.97,31.1,37.9,18.8,427.2,297,3,100.0
231.4,42.15,41.8,13.4,19.8,450.0,301,3,100.0
999.5,44.78,49.3,43.6,19.4,424.4,278,3,100.0
332.3,41.17,15.9,41.9,36.8,384.8,295,3,99.6
457.2,45.06,30.5,29.3,30.0,450.0,293,3,100.0
365.3,43.08,52.0,37.0,26.3,350.6,285,3,100.0
487.2,43.87,29.2,19.1,15.8,450.0,300,3,100.0
216.0,43.97,38.6,26.2,33.8,210.0,270,1,59.1
643.1,45.03,39.4,42.0,38.4,291.2,266,2,72.7
214.2,43.87,19.2,25.7,33.7,450.0,296,3,100.0
910.3,43.76,28.1,21.1,5.1,397.9,280,3,100.0
372.0,41.3,26.7,27.2,27.3,406.2,296,3,100.0
663.0,43.33,11.3,42.3,6.8,450.0,298,3,100.0
986.1,41.68,11.2,20.1,14.0,226.1,264,1,37.5
768.3,44.32,51.6,12.8,7.1,450.0,297,3,100.0
656.3,43.3,23.7,37.0,26.1,343.0,280,3,100.0
458.1,44.06,35.9,42.2,29.0,355.9,282,3,100.0
466.4,41.19,24.9,9.5,9.0,334.7,287,3,100.0
786.0,41.38,57.0,15.8,18.4,450.0,299,3,100.0
1094.4,44.22,23.0,11.4,21.0,259.3,263,1,44.2
778.7,41.32,31.5,20.7,17.9,301.2,281,3,100.0
679.9,41.32,53.6,25.3,9.2,385.4,290,3,100.0
844.1,41.05,52.1,38.7,19.7,408.6,291,3,100.0
591.9,45.3,19.3,34.3,31.3,450.0,290,3,100.0
207.1,44.32,50.1,32.9,7.5,216.7,267,2,65.8
684.2,42.59,32.9,20.9,7.8,279.8,274,2,86.3
1059.7,42.33,34.1,42.9,17.4,364.3,276,3,100.0
316.5,42.57,16.7,26.2,38.0,386.3,294,3,98.4
805.5,44.49,14.0,49.1,28.4,325.7,273,3,89.7
340.9,43.98,46.4,33.5,28.8,244.9,270,2,75.4
659.0,41.83,34.8,10.7,17.7,450.0,300,3,100.0
241.8,41.78,31.8,35.4,25.8,108.5,262,0,5.0
577.9,41.44,46.5,19.6,5.4,450.0,302,3,100.0
868.4,43.97,48.3,35.9,27.3,450.0,289,3,100.0
480.2,44.44,17.9,8.1,37.0,450.0,295,3,100.0
781.7,42.19,40.5,12.9,26.4,264.4,274,3,89.1
905.7,41.09,16.8,43.5,35.6,166.2,263,0,17.0
1030.8,41.37,47.6,15.2,30.3,437.7,292,3,100.0
372.9,45.36,42.8,42.7,9.2,450.0,295,3,100.0
529.4,42.33,57.8,17.6,36.6,427.2,292,3,100.0
294.8,44.46,13.4,33.9,7.3,238.3,268,1,45.2
1092.9,43.81,12.9,36.2,23.7,450.0,292,3,100.0
1030.7,42.72,24.1,28.1,10.0,450.0,293,3,100.0
663.0,41.93,23.1,18.7,5.4,393.6,288,3,100.0
949.9,41.55,22.3,14.6,19.8,450.0,293,3,100.0
644.9,43.77,55.3,6.5,15.3,450.0,296,3,100.0
742.4,44.49,22.5,18.7,22.0,429.1,287,3,100.0
234.7,43.9,23.6,34.4,25.2,178.1,266,0,24.8
867.5,43.39,48.0,47.2,6.5,370.2,282,3,100.0
271.3,41.19,32.5,44.2,9.3,119.7,265,0,14.8
934.8,45.36,48.8,39.5,24.6,426.2,278,3,100.0
892.9,44.59,13.3,40.5,17.0,409.7,278,3,100.0
823.3,42.32,34.4,34.9,30.5,212.5,265,1,44.9
184.4,45.41,11.7,16.7,27.8,305.7,276,3,95.5
438.0,43.71,13.1,45.8,34.6,219.8,266,0,31.4
400.0,43.62,55.3,35.2,29.2,435.3,294,3,100.0
492.1,44.37,17.0,30.2,20.0,450.0,300,3,100.0
233.3,44.65,36.6,10.0,28.6,179.3,265,0,29.4
1040.1,43.95,30.6,25.1,14.6,450.0,300,3,100.0
676.1,41.58,27.4,25.7,15.7,363.1,283,3,100.0
440.2,42.52,55.0,43.9,32.6,252.3,274,3,88.5
527.1,45.18,11.1,29.6,20.6,250.4,265,1,39.4
574.8,42.01,43.2,22.1,32.9,318.6,282,3,100.0
720.6,42.67,58.2,49.0,33.8,450.0,294,3,100.0
639.9,42.94,38.0,10.0,35.0,445.9,290,3,100.0
1023.4,42.98,56.8,24.0,37.1,215.6,264,1,45.9
622.1,43.76,12.6,6.9,20.1,250.9,265,1,55.2
1092.6,45.24,30.9,38.3,16.2,412.3,278,3,100.0
958.9,42.08,23.0,46.3,25.4,298.0,274,2,77.8
348.1,41.55,46.5,17.6,18.0,187.5,271,1,47.7
1034.1,41.89,59.1,43.6,26.0,310.2,273,3,100.0
260.5,44.99,22.8,18.1,29.7,439.8,294,3,100.0
926.6,43.91,42.7,46.0,29.1,450.0,299,3,100.0
511.6,42.29,19.9,38.9,18.1,321.2,278,3,100.0
984.1,44.67,38.3,41.2,10.8,450.0,298,3,100.0
974.7,44.88,33.2,5.8,20.1,385.5,275,3,100.0
915.6,44.81,58.6,48.3,10.0,416.7,281,3,100.0
900.5,45.14,40.4,37.7,36.2,354.2,271,3,100.0
439.4,42.14,27.5,18.7,17.1,358.7,288,3,100.0
226.9,44.4,15.7,42.3,10.4,450.0,301,3,100.0
532.8,43.07,17.6,17.7,5.9,387.8,286,3,100.0
314.8,44.79,21.3,44.3,27.6,340.7,276,3,100.0
810.2,44.28,22.5,10.1,27.3,450.0,288,3,100.0
478.8,44.49,52.5,36.7,16.9,256.9,267,2,71.0
1076.8,43.95,38.1,29.3,7.5,450.0,298,3,100.0
