elevation_m,dist_water_km,slope_aspect_deg,canopy_cover_pct,avg_night_temp_c,soil_moisture_pct,day_of_autumn,frost_risk_cat,days_until_frost
418.4,4.16,139.7,81.3,13.2,57.2,25,0,27
908.1,1.45,231.6,53.5,10.1,23.2,16,0,13
722.2,11.1,165.0,23.3,6.8,18.0,24,0,29
608.9,10.54,196.4,58.7,5.4,48.4,44,0,16
232.6,3.17,338.9,54.5,5.4,40.9,36,0,12
232.6,7.95,139.0,33.7,2.9,52.9,60,1,6
149.4,9.82,346.0,14.1,-0.4,21.3,56,2,1
836.2,6.71,325.9,58.7,3.4,50.8,32,1,4
610.9,6.4,70.5,46.6,6.2,24.1,28,0,20
701.9,2.98,25.0,66.8,7.7,22.4,34,0,24
117.5,1.21,36.3,46.6,5.5,22.4,45,0,13
924.4,10.78,6.6,73.2,2.0,51.7,28,1,7
807.6,10.81,34.0,49.2,-1.9,44.9,46,2,2
280.5,7.63,245.9,49.9,6.8,38.5,35,0,22
254.6,4.13,25.6,75.1,5.0,31.1,43,0,13
255.9,4.26,114.8,37.3,9.5,54.5,37,0,23
358.6,8.74,304.2,15.7,6.3,32.7,30,0,10
546.0,10.78,8.4,7.3,-5.7,51.7,62,2,0
467.2,10.66,293.2,65.4,0.1,34.8,53,1,3
347.5,9.38,101.5,54.6,10.0,32.0,22,0,18
620.1,7.74,42.5,61.3,-2.3,35.8,58,2,2
218.6,1.1,250.8,22.0,8.8,28.6,39,0,24
348.3,2.02,226.4,15.9,3.1,48.6,60,1,6
411.4,10.79,315.9,6.2,-3.8,37.6,55,2,1
487.7,7.32,264.6,33.0,6.7,25.4,36,0,16
767.4,0.21,289.3,52.2,12.0,55.5,16,0,16
269.7,1.31,101.5,36.4,9.7,32.3,28,0,29
537.1,8.0,63.9,40.0,1.7,39.5,42,1,2
603.6,0.16,270.2,77.3,6.2,55.8,47,0,27
139.5,2.01,290.5,32.9,10.3,43.1,28,0,21
616.4,6.63,356.6,46.1,6.5,20.3,22,0,18
244.9,8.33,148.5,67.7,6.8,57.3,57,0,24
155.3,7.86,133.9,36.7,1.8,43.2,64,1,4
906.6,2.77,279.5,54.8,2.0,30.1,41,1,7
920.8,8.57,122.7,74.0,5.2,21.3,24,0,27
787.1,2.92,335.1,81.0,5.1,50.7,29,0,17
358.9,3.97,309.0,16.8,9.1,42.9,16,0,14
183.0,8.98,154.4,79.1,6.6,39.0,61,0,21
681.6,7.83,270.3,44.4,6.4,55.2,21,0,28
474.1,10.21,271.6,25.7,2.5,50.5,44,1,3
203.7,7.93,37.1,41.7,6.6,21.8,29,0,22
520.9,6.86,324.9,83.4,4.9,29.0,43,0,22
129.2,1.21,181.9,44.4,12.1,26.2,48,0,24
872.9,4.48,297.5,31.3,-3.0,48.5,56,2,0
320.0,3.26,115.2,55.7,10.7,16.5,25,0,24
663.1,3.0,322.4,24.2,8.9,40.6,16,0,28
365.0,11.68,140.1,11.1,9.6,49.3,22,0,12
542.1,4.78,3.9,15.3,-0.6,54.5,60,2,0
564.7,10.72,325.9,15.2,-2.9,30.4,59,2,2
257.1,7.61,32.9,17.2,1.4,52.0,45,1,3
924.1,9.56,115.0,16.1,0.3,20.0,45,1,7
758.9,6.08,342.0,56.3,1.0,53.1,48,1,4
898.6,6.97,342.2,19.6,3.4,20.7,24,1,3
860.6,5.96,206.4,32.7,-0.3,32.9,61,2,2
608.2,2.42,227.5,76.7,10.0,50.9,36,0,18
883.6,8.7,161.4,42.9,5.8,21.7,34,0,19
175.2,3.44,105.6,58.4,10.2,25.3,41,0,16
266.6,0.39,118.3,18.8,13.8,47.5,17,0,21
138.4,7.78,242.1,20.4,9.8,47.4,23,0,12
376.5,2.21,270.9,8.3,2.8,43.9,52,1,4
430.4,11.29,285.0,18.5,8.7,46.2,19,0,29
330.6,11.45,284.3,27.3,1.5,39.4,45,1,3
804.4,10.99,32.8,19.2,2.3,26.3,27,1,5
403.2,4.5,178.0,12.1,7.2,30.6,34,0,15
338.8,0.28,20.7,14.7,7.0,23.2,29,0,25
561.3,11.15,197.8,41.9,8.3,55.9,33,0,11
219.8,5.2,159.0,21.5,5.5,41.3,51,0,29
781.9,11.6,319.6,34.1,2.2,33.0,30,1,4
163.4,11.57,126.3,45.3,4.8,35.8,43,0,13
938.9,10.25,42.1,60.2,1.2,57.6,39,1,2
756.4,3.6,51.5,8.1,0.1,21.9,48,1,3
268.9,4.68,274.1,69.0,5.2,41.4,62,0,19
104.7,10.23,222.6,55.2,5.3,37.8,52,0,16
793.1,3.87,36.4,11.5,3.9,42.5,26,0,26
700.8,2.12,30.3,74.9,9.6,15.8,17,0,18
719.7,6.73,252.3,78.7,9.4,54.2,28,0,14
755.6,11.24,26.2,9.9,-2.3,56.9,45,2,1
162.9,8.38,295.9,27.2,9.7,40.4,18,0,23
404.7,6.88,254.2,69.5,7.3,46.3,40,0,12
198.5,1.26,29.3,64.9,6.5,56.5,45,0,12
833.6,7.42,30.5,19.8,0.5,46.8,32,1,2
629.8,11.88,355.2,21.7,-2.8,21.9,54,2,2
381.3,1.77,134.7,34.6,13.5,40.9,20,0,22
154.0,6.27,133.4,43.8,11.6,42.3,19,0,18
364.3,10.54,292.6,54.5,1.9,34.1,51,1,7
376.4,8.92,341.0,34.5,1.5,48.1,40,1,6
720.2,8.39,355.0,42.0,-0.4,57.0,49,2,1
641.9,8.46,271.2,64.8,2.5,56.7,37,1,7
854.1,4.38,135.5,7.9,5.0,35.3,27,0,13
501.4,3.59,30.1,25.2,-0.1,20.1,56,2,0
201.7,9.73,279.8,62.1,4.6,59.3,55,0,14
706.3,9.74,201.0,76.6,3.3,52.8,50,1,2
746.7,10.42,152.7,45.9,5.8,20.6,29,0,20
577.1,10.97,326.3,47.6,3.0,56.4,45,1,7
755.3,6.18,40.0,13.6,-0.1,54.1,33,2,0
519.7,6.07,177.3,40.8,8.2,38.3,20,0,11
544.3,9.6,4.1,47.6,-2.5,41.6,61,2,1
463.4,7.83,168.7,24.4,8.8,33.0,22,0,28
121.6,8.45,20.3,26.5,-2.5,17.5,63,2,0
191.7,9.57,42.8,35.2,5.3,30.1,37,0,19
126.7,10.69,42.3,6.6,6.9,51.1,24,0,9
640.9,4.12,233.7,30.8,3.9,15.2,42,0,12
367.2,4.57,268.6,21.9,-0.5,30.0,59,2,2
532.3,1.22,210.0,31.2,5.8,32.9,52,0,29
871.4,6.98,346.4,14.6,-3.9,39.2,55,2,0
311.9,0.53,135.0,76.2,8.6,56.4,48,0,28
448.8,5.64,102.9,52.5,6.0,30.6,50,0,22
742.2,6.56,312.7,59.3,-3.0,30.6,57,2,2
294.5,3.51,80.5,68.1,8.4,48.2,27,0,18
165.4,7.13,346.8,44.9,3.8,35.3,39,0,19
346.3,0.46,4.4,12.0,7.3,25.1,26,0,19
237.0,0.54,349.2,48.0,1.4,35.4,64,1,6
890.2,9.89,15.5,51.9,-5.6,21.3,62,2,0
786.9,4.39,320.8,64.6,8.1,22.9,17,0,9
638.4,1.61,190.0,39.5,3.3,37.4,50,1,3
840.7,6.31,357.5,15.2,-3.8,33.9,61,2,2
783.1,9.26,26.6,27.7,2.8,56.2,24,1,3
258.6,2.67,199.4,34.0,9.4,31.3,43,0,23
858.7,7.51,348.9,56.7,-3.9,41.1,61,2,2
558.4,1.12,188.3,50.7,13.9,43.5,17,0,10
786.3,0.72,226.6,33.5,4.1,15.6,50,0,23
861.7,6.42,250.5,83.9,7.1,44.9,30,0,18
370.3,6.53,163.6,53.5,3.7,23.0,61,0,27
193.5,7.69,225.9,24.0,3.0,58.2,64,1,3
293.7,8.74,210.4,13.1,0.9,21.7,62,1,6
463.0,11.71,324.4,17.2,2.4,33.7,39,1,7
795.3,6.24,16.4,24.7,-4.2,18.8,58,2,2
831.6,3.94,101.1,17.9,0.5,59.9,57,1,6
105.9,9.56,342.1,19.9,4.6,37.6,31,0,19
534.1,3.32,320.5,27.8,1.7,41.8,56,1,5
454.8,5.32,164.0,18.9,11.1,18.0,17,0,27
288.8,1.03,223.2,76.7,7.7,48.7,45,0,20
201.9,0.4,99.9,11.4,10.7,24.4,27,0,9
387.0,11.56,67.7,47.0,7.2,55.4,21,0,28
901.5,10.05,166.9,37.8,8.5,24.2,19,0,23
374.7,8.38,127.2,83.6,4.4,23.6,50,0,23
541.0,4.97,210.1,14.0,6.5,16.6,32,0,13
697.6,2.16,28.0,36.8,-2.1,36.2,51,2,1
409.1,1.96,350.8,82.6,10.4,40.4,18,0,17
926.0,3.08,355.0,74.2,1.2,18.0,31,1,5
918.1,6.64,251.3,70.4,1.0,49.9,42,1,2
314.0,8.6,193.0,25.6,3.8,35.4,55,0,22
522.7,7.96,111.4,18.7,6.4,38.6,31,0,29
355.7,3.43,293.0,58.5,5.4,34.8,46,0,10
342.1,11.46,246.5,79.4,1.5,33.0,59,1,7
131.4,8.88,58.5,49.5,4.0,40.2,46,0,17
618.1,6.7,327.9,50.7,5.1,22.0,27,0,27
527.3,7.38,296.1,27.4,6.2,23.2,16,0,25
143.8,5.09,341.9,66.6,4.0,53.8,59,0,20
336.8,3.05,261.3,20.0,12.4,57.6,16,0,24
872.0,4.34,220.8,30.9,-0.6,31.8,59,2,2
303.6,9.12,150.6,39.0,6.2,27.2,41,0,17
223.2,0.27,335.8,45.6,2.1,44.0,62,1,3
516.0,1.48,311.8,24.4,-1.8,33.4,55,2,2
937.8,0.65,16.3,14.2,-5.2,16.1,65,2,2
305.7,0.58,9.5,53.8,7.0,22.0,33,0,25
671.3,10.28,135.5,28.1,-0.8,47.2,53,2,2
747.4,8.47,291.8,51.5,2.4,44.7,35,1,4
302.0,5.74,355.4,17.3,5.3,16.2,39,0,26
719.0,1.26,54.2,43.5,3.0,25.0,46,1,2
412.6,5.95,213.9,47.6,2.2,25.4,59,1,5
637.5,5.73,137.1,9.1,-0.8,45.2,64,2,0
638.5,2.16,349.2,31.9,1.3,15.9,53,1,3
555.4,5.26,303.2,15.8,4.3,19.7,36,0,16
176.7,4.84,301.8,10.1,5.6,51.0,36,0,17
810.0,7.43,168.7,84.2,2.3,23.0,52,1,6
372.7,7.66,149.3,30.8,9.8,44.4,27,0,17
258.5,0.64,98.4,69.8,14.1,25.7,21,0,18
134.7,4.56,20.3,25.4,7.5,19.5,33,0,13
602.3,7.55,311.3,59.5,5.8,25.9,29,0,16
675.9,6.09,292.6,65.8,7.0,47.5,30,0,13
114.1,10.29,359.9,52.7,6.9,53.5,27,0,10
535.3,7.94,358.8,42.7,8.3,52.4,17,0,21
292.5,2.04,200.0,37.9,14.5,32.9,16,0,23
648.4,0.94,276.8,32.9,1.9,45.1,64,1,5
248.2,7.74,340.1,79.4,5.1,24.2,36,0,18
687.3,0.42,305.9,71.4,8.6,28.2,34,0,16
428.7,7.07,89.0,82.2,4.5,55.3,49,0,27
896.2,11.29,162.2,14.9,4.2,15.6,26,0,19
216.9,6.95,46.5,63.5,-0.0,18.8,62,2,1
